page_len,page_touched,page_random
9074,20160718015319,0.300000094946
36676,20160706150842,0.300000199662
1455,20160629205806,0.300000582735
1901,20160704163201,0.300000760525
2903,20160712235751,0.300001137803
2760,20160704163201,0.30000148861
9288,20160711090041,0.300002054068
2677,20160712213917,0.300002535594
1506,20160629205806,0.300003080154
6812,20160704191912,0.300003887482
2956,20160704163201,0.300003948444
3662,20160713190814,0.300004281221
840,20160630044607,0.300004453157
6507,20160716060536,0.30000485261
19006,20160717180239,0.30000505161
4135,20160718025721,0.300005466381
5458,20160713030710,0.300005829673
1356,20160717123102,0.300006099672
37370,20160716064250,0.300006310734904
49182,20160710091705,0.300006701285
1613,20160718053038,0.300007451512
2623,20160629205806,0.300007595761
20007,20160718022408,0.300007967884
1881,20160629205806,0.300008309581
5235,20160711213208,0.300008807411
5300,20160704191912,0.300009093068
4653,20160704191912,0.300009186985
11278,20160716155214,0.300009325426081
8019,20160717203028,0.300009829425
3570,20160717012818,0.300010079929
5833,20160629205806,0.300010121687
2344,20160630172230,0.300010197065
5314,20160716065503,0.300010629834
1843,20160704163201,0.300010910358
4142,20160712235751,0.30001091719
1839,20160704163201,0.300011420747
14619,20160629003426,0.300011522412
4758,20160716062349,0.300011556343
566,20160716083457,0.300011663367
3378,20160704191912,0.300012841963
1418,20160711084852,0.300013212829
2097,20160704191912,0.300013243383
1881,20160704163201,0.300013523685
3718,20160717112302,0.300013595701
1073,20160718110854,0.300014117528
4002,20160713030710,0.300014151546
2857,20160701151739,0.300014463546
19792,20160703064912,0.300014698041
1629,20160717121515,0.30001473953
8950,20160717032829,0.300014923508
7148,20160718131136,0.30001507367
14445,20160710062227,0.30001544004
3373,20160711213208,0.300015553971
18757,20160705211610,0.300015624327
6320,20160717153044,0.300015659205
1562,20160629231142,0.300016406289
979,20160704163201,0.300016633651
1311,20160712235751,0.3000170385
883,20160704163201,0.300017069165
793,20160704191912,0.300017125113
3206,20160718081552,0.30001757236
15986,20160710082305,0.300017851332
3923,20160717114256,0.300017883349227
2208,20160716093923,0.300018039156
1902,20160718043639,0.300018357467
4535,20160716052247,0.300018422992
12194,20160716103314,0.30001853993164196
3002,20160718010340,0.300018592053
7623,20160714064801,0.300019194566
12302,20160703013546,0.300019306096
16753,20160704163201,0.30001948562
8906,20160717140603,0.30001967148857206
2103,20160710234622,0.30002010834
405,20160715210943,0.300020760616
4572,20160718141325,0.300020920096
12227,20160709071605,0.300021051103
1337,20160629205806,0.300021423259
9181,20160718083412,0.300021843871
10417,20160717190123,0.30002185823397903
6433,20160710181651,0.300021994399
44494,20160701151739,0.300022476249
20286,20160710151931,0.300022650241
41183,20160717114700,0.300022815494
2211,20160703145128,0.30002297916
1044,20160712235751,0.300023544323
3888,20160711221027,0.300024054843
18375,20160717100253,0.300024167331
2988,20160704163201,0.300024682319
51948,20160717012508,0.300025077816122
1718,20160712213917,0.300025103771
7935,20160718040330,0.300025297826
1574,20160704191912,0.300025377396
544,20160704191912,0.300025734078
38224,20160710232132,0.300025844319
565,20160628070622,0.300026472238
2313,20160717080415,0.300027508299
3004,20160711220934,0.300027742946
2740,20160717043536,0.30002774507
1665,20160713120745,0.300028112199
4033,20160717051402,0.300028269299
3547,20160713094325,0.300028529981
2594,20160704075802,0.30002910425
14557,20160717170527,0.30002923194
3769,20160711105509,0.300029265574
4047,20160717121550,0.300029509803
7973,20160704191912,0.300031644074
5173,20160718043740,0.300032395217598
4188,20160704163201,0.300032664431
1366,20160704163201,0.300033909131
1235,20160703140648,0.30003394899
2046,20160703145128,0.300034397208
4898,20160703145128,0.300034397864
16455,20160718041147,0.3000351178
1147,20160708230819,0.300035706911
4188,20160708081857,0.300035920868
5327,20160703064912,0.300036071008
1603,20160718051107,0.300036415753
2625,20160629205806,0.300037056336
4706,20160717015622,0.300038334628
49221,20160717030705,0.300038738919
2796,20160716150541,0.300038905293
12141,20160717034626,0.300039212986
3139,20160701165008,0.300039278839
2581,20160717230205,0.30003983754
9339,20160712110203,0.300040140013
3250,20160706214306,0.300040148742
6185,20160718035216,0.300040488052
29050,20160715180303,0.300040768192
3421,20160716113321,0.300040985666
1771,20160704163201,0.300041155474
24585,20160718121504,0.30004227468747896
5577,20160705095054,0.300042379972
3702,20160708015418,0.300043374529
904,20160712235751,0.300043557328
2463,20160628124918,0.300045272066
4810,20160718060728,0.300045641373
3427,20160704191912,0.300045702269
6009,20160712235751,0.300046432138
408,20160708233839,0.300046475732
8298,20160712132036,0.300047178055
5179,20160712194424,0.300047225016
2244,20160705224633,0.300047578082
3110,20160708233720,0.300048275758
4838,20160704191912,0.300048364274
4426,20160712204255,0.300048384809
6062,20160709191529,0.300048534184
1228,20160712213917,0.300049221037
1334,20160709000113,0.300049895314
1277,20160713164114,0.300050434342
16891,20160713160356,0.300050476216
756,20160704191912,0.300050842083
3073,20160706224515,0.300050866831
10691,20160718063756,0.300051075685817
11932,20160712235751,0.30005108905
27274,20160717232426,0.300051310705
884,20160712213917,0.300052362902
3494,20160704163201,0.300052394499
1857,20160629205806,0.300052547248
3729,20160709183905,0.300052809124
1148,20160712213917,0.300053190233
3400,20160714173852,0.300053566521
4574,20160711202624,0.300053599536
5713,20160703180631,0.300053642032
46666,20160716074841,0.300053757534
1135,20160712213917,0.300053781271
2292,20160711090615,0.300053939428
7055,20160703064912,0.300054336679
16469,20160716204005,0.300054419689
3250,20160716112547,0.30005512149
7226,20160716050042,0.300055128566
4135,20160718053427,0.30005518733
1790,20160704163201,0.300055737308
4880,20160713041644,0.300055738036
1622,20160711035502,0.300056200961
10655,20160717003500,0.300056326666
25237,20160711211217,0.300056472775
1750,20160704163201,0.300057550506
2594,20160704163201,0.30005821624
1582,20160629205806,0.300058220491
5665,20160718033230,0.300058300886357
4131,20160704163201,0.300058853279
7484,20160718074808,0.30005886208
6141,20160704163201,0.300059015159
8571,20160718134400,0.30005909716716
1905,20160712235751,0.300059533074
1571,20160712213917,0.300059679159
3149,20160718024252,0.300059729434
1226,20160712213917,0.300060243992
10772,20160712101242,0.300060462376
19348,20160716060649,0.30006058076402203
7873,20160711204236,0.3000610299
1091,20160704191912,0.300061045967
2465,20160713192740,0.300061330382
10983,20160717114233,0.300061895652
6600,20160714021026,0.300062454358
7019,20160713210246,0.300062598693
34064,20160714023148,0.300062737996
2591,20160712213917,0.300062747918
3116,20160714104224,0.300062937134
4062,20160708232708,0.300063243481
18867,20160718033152,0.300063587254
4621,20160716083916,0.300064528712
4081,20160715153849,0.300064589561
3745,20160717062446,0.300065851439
3451,20160714145055,0.300066159774
7727,20160716004514,0.300066288423
11450,20160703180257,0.300066697592
4175,20160716051350,0.300066768233
485,20160718032055,0.300067021978
7608,20160717094953,0.300068153981
2064,20160717174216,0.300068782144
1494,20160717092441,0.30006888164213796
8920,20160717191452,0.30006888709
25528,20160628150238,0.300069205208
7014,20160716222334,0.300069356841
4612,20160718012221,0.300070034133
3381,20160718025830,0.300070059513
2711,20160704201533,0.300070083778
5022,20160716081719,0.300070475259
3106,20160718080857,0.30007128184
30933,20160717042617,0.300071416663
2632,20160703145128,0.300071598237
3084,20160709010645,0.30007178593
36071,20160704182417,0.300072385537
5259,20160718004929,0.30007285353
2859,20160711090009,0.30007317898
1808,20160712235751,0.300073201238
16815,20160717085447,0.300073236422
1298,20160717022359,0.300073280859
24124,20160714180853,0.300074244395
3575,20160707225122,0.300074917271
2624,20160629205806,0.300075061443
6905,20160701131738,0.300075096768
4120,20160712213917,0.300075140546
4346,20160704163201,0.30007514158
2850,20160718065926,0.300075348922
4994,20160718041621,0.300075419667
1893,20160704163201,0.300075755191
1462,20160704163201,0.300075922958
5341,20160717080209,0.300076767753
3097,20160717081708,0.300076784445
2750,20160714014233,0.300076934242
1804,20160704191912,0.300077278929
14619,20160717080601,0.300077587645573
24595,20160701151739,0.30007787181
21435,20160708234124,0.300078335039
1939,20160712213917,0.300078348992
32973,20160710181651,0.300078734262
24984,20160718125926,0.30007875552408303
4304,20160704191912,0.300078914823
7654,20160716211314,0.300079092717
1947,20160629205806,0.300079486552
5491,20160628144243,0.300079549238
5810,20160710181651,0.300079800403
7384,20160711180616,0.300079836646
5106,20160718035324,0.300080480342
6034,20160712213917,0.300080805437
13511,20160701130206,0.300080857937
2056,20160705145640,0.300081008579
17672,20160706112349,0.300081095661
6529,20160716094821,0.300081962405
73499,20160711092111,0.300082139593
1817,20160718043211,0.300082471098
4070,20160713085557,0.300082992864
2649,20160717050414,0.300083233649
1526,20160713003737,0.300083732093
2693,20160712213917,0.300084140959
1618,20160717035243,0.300084240606
1214,20160715060345,0.300084460146
3606,20160629003426,0.300084482043
5329,20160714183934,0.300084568174
2336,20160712040731,0.300084621042
4522,20160716073520,0.300084650191
8051,20160715032530,0.300084661352
1288,20160707231439,0.300085251184
6866,20160718073509,0.300085391309
2740,20160712235751,0.300085412156
3117,20160716010300,0.300085728681
2655,20160704163201,0.300086014334
1360,20160717220922,0.300086758591
529,20160718104855,0.300086981234
2235,20160711213208,0.300086990183
11333,20160629094015,0.300087046273
8118,20160716075249,0.300087108968
2949,20160711213739,0.300087154319
2546,20160712235751,0.300087257851
4130,20160703064912,0.300087512822
2279,20160704205101,0.300087986966
846,20160701144422,0.300088091974
1437,20160704191912,0.300088097268
8726,20160714030205,0.300088140362
2405,20160701144422,0.300088237316
9531,20160718022638,0.300089231167
1885,20160707132354,0.300089691113764
1696,20160713140803,0.300090255938
46687,20160717071440,0.300090724881823
1737,20160708075641,0.300092119242
7313,20160710181651,0.300092635386
2543,20160709172507,0.300092985939
1849,20160708130625,0.300093168488
3566,20160717183015,0.300093218243
2467,20160630174212,0.300093604153
5393,20160714005056,0.300094238608
10660,20160701151739,0.30009458740246003
7062,20160715232051,0.300095734086
1095,20160708230815,0.300096175699
11622,20160717112229,0.300096271943
2952,20160716053253,0.300096532036
29971,20160705100358,0.300096802247
4882,20160717113845,0.300096874812
4760,20160717142745,0.300097136518
39237,20160716042307,0.30009774412
16149,20160701151739,0.300098251324
792,20160713164114,0.300099089884
12485,20160717183332,0.300099361485
5675,20160628031937,0.300099776878
5221,20160717053740,0.30010057379
13525,20160704191912,0.300100848684
9434,20160704191912,0.300100925354
6938,20160712235751,0.300101183211
1744,20160715111106,0.300101238333
4589,20160708132516,0.300101788537
1525,20160714203225,0.300101967741
4727,20160715052855,0.300102290047
14468,20160713160356,0.300102512111
1129,20160714210813,0.30010258233
3135,20160718064808,0.300102731666
689,20160704163201,0.300102744363
4319,20160704191912,0.300103011527
1310,20160712235751,0.300103014518
5517,20160712213917,0.300103113785
954,20160714193457,0.30010321055
5799,20160718031521,0.300103325062
9395,20160718111313,0.300103764329202
9247,20160706094838,0.300104484323
6592,20160708231657,0.300104626756
10174,20160717233009,0.300104687517
14238,20160718061706,0.30010482506
5411,20160712233347,0.300105195758
16678,20160717092912,0.30010572928
2690,20160716091817,0.300106016443
585,20160711131233,0.300106058757
1871,20160629205806,0.300106229632
2346,20160718010733,0.300106271354
17733,20160718135404,0.30010630404586597
1061,20160712235751,0.300106404206
1749,20160701122017,0.300107123565
2926,20160704163201,0.300107778921
10901,20160718062017,0.300108019457
3663,20160712235751,0.300108173409
7998,20160628173002,0.300108662236
8803,20160706161021,0.300108915326
7562,20160710203337,0.30010899444
4952,20160714225653,0.300109070552
1294,20160706034341,0.300109193857
1770,20160704163201,0.300109607056
2019,20160703064912,0.300110787465
1937,20160704163201,0.300111102327
7980,20160630145920,0.300111238006
9955,20160717212827,0.300111567467
6399,20160711091409,0.300111584951
5201,20160627141215,0.300111628308
11151,20160705174625,0.300112379448
5473,20160718041043,0.300113219018
2912,20160628103110,0.300113257572
1759,20160718001446,0.30011409412
1195,20160709085202,0.300114176941
7317,20160712213917,0.300114354276
19591,20160715154045,0.300115495902
18131,20160628003338,0.300115949736
3035,20160712213917,0.300116393012
5110,20160704191912,0.300116564268
10418,20160629003426,0.300117245099
4097,20160701151739,0.300117280421
1416,20160712040731,0.300117567138
3099,20160703064912,0.300117858643
2656,20160704163201,0.300117866287
31964,20160717042218,0.300118188926
5297,20160717211601,0.300118208962
2446,20160712235751,0.30011826127
4837,20160705100358,0.300118690365
3488,20160705105823,0.300119505201
763,20160708233749,0.300119855008
1969,20160713160356,0.300119910086
1981,20160704163201,0.300120283787
2761,20160708075011,0.30012045603
4899,20160717192551,0.300120679009818
4265,20160717171547,0.300120700568
4008,20160701192726,0.300120749644
2955,20160704163201,0.30012102284
1706,20160718101659,0.300121120766
2814,20160712213917,0.300121250601
1775,20160704163201,0.300121680355
2435,20160712055935,0.300122019644
4697,20160704163201,0.300122063253
44828,20160714201417,0.300122119884
6677,20160718152042,0.30012228987
1569,20160715181547,0.300122558728
3315,20160716070646,0.300122684052
18988,20160718013649,0.300122708222
1741,20160715122103,0.300122946134
16302,20160704191912,0.300123134828
9011,20160713160356,0.300123666126
2225,20160629205806,0.300123804987
2064,20160629205806,0.30012388933
7515,20160715061812,0.300124762698
74162,20160711224902,0.300125414145
4574,20160629205806,0.300125504102
4501,20160717053640,0.300125863156
3416,20160704163201,0.300125880798
3238,20160713054916,0.300126085351
2883,20160701043719,0.300126120311
924,20160717120306,0.300126344571
30776,20160703013546,0.300126349536
9694,20160629205806,0.30012718196
3222,20160629205806,0.300127271059
7339,20160712213917,0.300128069024
3929,20160717122059,0.300128199766
3302,20160717104922,0.300128405474
1301,20160629205806,0.300128609594
2679,20160711200939,0.300128818578
5948,20160712235751,0.300129243516
1204,20160704191912,0.300129354057
6459,20160717072431,0.300129595352
8757,20160712213917,0.300129738148
1247,20160716041638,0.300129758263
1681,20160704191912,0.300130193703
28000,20160717100818,0.300130368489893
2379,20160629205806,0.30013042688
7119,20160716113651,0.300130489334
2487,20160712213917,0.300130942025
9232,20160718081642,0.300131333837
10472,20160715082702,0.300131489783
1664,20160718000218,0.300131770425
7761,20160708000350,0.300131902656
6112,20160717014646,0.300131935132
1650,20160710232313,0.300132142361
1989,20160717091245,0.30013215662923803
7025,20160713200709,0.300132414294
4252,20160712213917,0.300132533246
3263,20160629231142,0.300132728522
4699,20160708233439,0.300133436388
2280,20160718020635,0.300133524714
3191,20160704191912,0.300133641831
1768,20160717220621,0.300134425635
1665,20160718061428,0.30013560758
7252,20160711120819,0.300135637662
10096,20160715013724,0.3001357519
25076,20160712235751,0.30013622185228
2650,20160708223857,0.300136244249
8588,20160716073513,0.300136293142
6505,20160711072541,0.300136296391
2632,20160717073315,0.300136328455
4229,20160716181442,0.300136333199
2402,20160703145128,0.300136361121
3156,20160713054916,0.300136572705
4452,20160718011758,0.300136630455
2843,20160704163201,0.300136948876
1626,20160718071056,0.300137422986
2674,20160717061641,0.300137684063
4666,20160713160356,0.300137691554
17567,20160712002943,0.300138628893
10560,20160704191912,0.300138637563
2426,20160629205806,0.300138704906
24333,20160629003426,0.300138732429
2984,20160715014220,0.300138778276
30773,20160717011522,0.300139212642
2652,20160712213917,0.300139251486
8009,20160718015334,0.300139381517
3158,20160711115426,0.300139680673
11038,20160711092111,0.300140101804
1956,20160718000215,0.3001402075
2000,20160718160113,0.300140604436
16432,20160718053813,0.300141779054088
1778,20160708235857,0.300142208413
5281,20160718132804,0.300142516714
9262,20160717023143,0.300142560181
2070,20160716224318,0.300142581511
5957,20160701151739,0.300143021454
1280,20160718082158,0.300143877196
12574,20160710120407,0.300143915315
1134,20160704163201,0.300144252081
7447,20160710183451,0.300144258441
1592,20160717062354,0.300144451491
11267,20160712235751,0.300144889532
1887,20160704163201,0.300145704671
2452,20160704191912,0.300145870858
15812,20160702131418,0.30014629045
20972,20160716124218,0.30014631925164403
6464,20160717072106,0.300146730364
6676,20160712073109,0.300148561035
6200,20160703064912,0.300148799394
7285,20160711084627,0.300149518084
16900,20160629003426,0.300149813454
3405,20160707062213,0.300150013918
4446,20160712213917,0.300150187367
37971,20160717134431,0.300150503732
7293,20160717174103,0.300150513019
6895,20160715040549,0.30015083322
4347,20160717135607,0.300151327361
6353,20160718011937,0.30015157749890503
15880,20160709181036,0.300151934188
9466,20160717121341,0.300152438040965
4745,20160712213917,0.30015249076
1469,20160704163201,0.30015275341
2188,20160712235751,0.30015306885
1338,20160628124427,0.300153147841
3335,20160714003314,0.300153346754
1441,20160714111151,0.300153740817
1368,20160709010655,0.300153777056
28723,20160704175646,0.300153849428
3129,20160711063440,0.300154014377
7462,20160712213917,0.300154761909
44149,20160713034852,0.300154844045
7188,20160704191912,0.300154867931
1494,20160704191912,0.300154987417
1845,20160711101915,0.300155450121
3658,20160705234209,0.300155499647
4017,20160704163201,0.30015571821
11789,20160718053436,0.300155723747011
8226,20160706152617,0.300156023959
1049,20160712235751,0.30015652442
1217,20160711111430,0.300156648607
6986,20160712213917,0.300156986434
7523,20160717205550,0.300157058812
9717,20160717092638,0.300157681646
2982,20160714194908,0.300157783693
737,20160718111850,0.300159190598
4899,20160713160356,0.300159365302
7578,20160718100743,0.300159389432668
9427,20160716075512,0.300159562829
1462,20160717211644,0.300159632019
1723,20160714162953,0.300159698606
9325,20160716101216,0.300159724708795
1040,20160712235751,0.300159738404
3332,20160718104716,0.300159858911
4177,20160718010247,0.300159861939
3346,20160703064912,0.300159892495
1389,20160717165929,0.30016007383
2921,20160712213917,0.300160366986
3914,20160717235029,0.300160633249
9957,20160709210038,0.30016066033
2593,20160717091841,0.300161068458
2495,20160711180622,0.300161320042
71912,20160717144654,0.300161359202
4266,20160629205806,0.300161426634
1296,20160708233932,0.30016150509
18789,20160711195613,0.300161760943
7371,20160704163201,0.300161805215
17486,20160717085852,0.300161973735
7331,20160717085005,0.300162413581
3109,20160707112249,0.300162694981
3764,20160703220426,0.300162784988
6852,20160705180148,0.30016289881
1098,20160712235751,0.300162971519
1801,20160718020425,0.300163168951
1450,20160716210223,0.300163431923
1618,20160707224346,0.30016397007
147626,20160718120903,0.300164317991738
7350,20160718110348,0.300164629155
3024,20160630025404,0.300164717681
4388,20160717201636,0.300165209426
2530,20160704163201,0.300165358539
8125,20160716085554,0.300165558767
30622,20160710181651,0.300165819956
8718,20160717111435,0.300166047622
2293,20160707234524,0.300166281346
4971,20160702165137,0.30016666286
2716,20160629205806,0.300166948961
59159,20160718135654,0.30016822116465103
40478,20160717224235,0.300168324714
4386,20160714063537,0.300168355391
19907,20160712012054,0.300168356622
4265,20160704191912,0.300169189553
9561,20160718012931,0.30016924655080696
1663,20160701151739,0.300169276079
5283,20160703203021,0.300169395234
1097,20160712213917,0.300169755692
3826,20160716232121,0.3001702206
1504,20160629205806,0.300170303864
1701,20160701150523,0.300170843389
2958,20160704163201,0.300171396241
1435,20160704191912,0.300171633856
1199,20160630172230,0.300172018944
2446,20160704191912,0.300172218324
3323,20160629205806,0.300172269014
3807,20160711160311,0.300172516755
3155,20160718024307,0.300172747781
1659,20160628233510,0.30017313489
3962,20160718131647,0.30017321407
4754,20160716135612,0.300173971903
11254,20160718110916,0.30017471713961497
2143,20160710054144,0.30017484601
9228,20160710090131,0.300174955842
11623,20160709085202,0.300175738651
2937,20160706035800,0.300175806405
27833,20160717014646,0.300176068956
3098,20160718051701,0.300176258589
7288,20160715230904,0.300176369432
25083,20160707214935,0.300176551597
693,20160717035613,0.300176691555
694,20160712144957,0.3001769994
14243,20160708232936,0.300177132352
1382,20160712213917,0.300177183033
12226,20160708141918,0.300177219022
2808,20160703064912,0.300177263043
1991,20160711152916,0.3001772994
24039,20160717120727,0.30017803495
2974,20160711114205,0.300178140828
4952,20160717082755,0.300178336491
1901,20160718043505,0.300178634705
2382,20160711090838,0.300179481033
3664,20160704163201,0.300179537303
4282,20160708071915,0.300179953363
5316,20160708235103,0.30018018311
4467,20160703064912,0.30018070261
3290,20160629205806,0.300180822751
2261,20160703145128,0.300181391394
11033,20160630124523,0.300181477995
37649,20160717140601,0.300181967485866
2663,20160712203307,0.300181975361
4812,20160713053224,0.300182021654
15023,20160717221332,0.30018213425
9402,20160717135608,0.300182185802
3343,20160629205806,0.300182523027
28912,20160718034503,0.30018268587
4641,20160704191912,0.300182715207
25830,20160717002621,0.30018321638943896
886,20160708201148,0.300183414282
6577,20160712235751,0.300183578356
5222,20160708235940,0.300183717585
811,20160718023042,0.300183904076
530,20160704191912,0.30018428383
10690,20160716104805,0.300184735058
14194,20160718045346,0.300184831761
2358,20160704191912,0.300185087039
1998,20160707225311,0.300185129061
4261,20160712235751,0.300185241
1581,20160716055407,0.300185530737
818,20160705162525,0.30018718909
21448,20160709222015,0.30018750878
2518,20160718073509,0.30018798569234806
2587,20160712213917,0.300187990086
3492,20160712085748,0.300188373724
1471,20160716223825,0.300188639862
2021,20160716232753,0.30018864395
3501,20160704163201,0.300188744968
4051,20160705073654,0.300190339139
4073,20160712235751,0.300191025507
10538,20160717105011,0.300191354304
4066,20160712235751,0.300192082712
2226,20160711191811,0.300192101985
3537,20160718120342,0.3001921495
1438,20160716012314,0.300192286575
10934,20160717190145,0.300192876859
7746,20160713185335,0.300193067215
4509,20160718073509,0.300193443713
4342,20160713160356,0.300195026148
4615,20160712040731,0.300195189273
6643,20160717223141,0.300195321708
1741,20160704163201,0.300195371373
5899,20160702114057,0.300195703423
1343,20160718123536,0.300196425512
36636,20160717172903,0.300196770253
5166,20160712040731,0.300196847471
8747,20160711123153,0.300196908554
5980,20160713165719,0.300196999965
1247,20160713003737,0.300197115086
1889,20160704163201,0.300197116051
9946,20160712040731,0.30019740197
3774,20160714074052,0.300197517783
9510,20160710075318,0.300197865243
1406,20160703145128,0.300197918229
37465,20160717085540,0.300197961818
3429,20160712213917,0.300198112
2638,20160712235751,0.300198268221
2004,20160718014031,0.300198558826
6414,20160718035312,0.30019865026716
1247,20160708162205,0.30019878779
19344,20160711142153,0.30019896043
5304,20160712235751,0.300199113323
2848,20160718170642,0.300199263638
5709,20160712101242,0.300199712528
974,20160705014045,0.300199787412025
3865,20160705100358,0.300200293556
706,20160717163246,0.30020082134
4459,20160704163201,0.300201241178
24876,20160717155959,0.300201617321
9087,20160701225556,0.300201719265
4365,20160712213917,0.300201748988
1424,20160703145128,0.300202092117
939,20160712235751,0.300202137236
8062,20160717023131,0.300202603699
2328,20160708213443,0.300203405503
1800,20160704163201,0.300203603089
3413,20160718121223,0.300203721863
2530,20160630173648,0.300203937121
431,20160629180955,0.300204105522
790,20160704191912,0.300204234338
3145,20160703064912,0.300204503135
17167,20160710145519,0.300204529038
6377,20160718052606,0.300205087568802
6433,20160718030428,0.300205165248
2035,20160711100053,0.300205604891
4839,20160718124949,0.300205836431
5177,20160704163201,0.300206209123
14058,20160718034816,0.300206655083
2051,20160629205806,0.300206666914
4752,20160712213917,0.300207236456
6422,20160717203556,0.300207651801
978,20160628070422,0.300207897361
4746,20160706102459,0.300208102052
4674,20160706173839,0.300208117514
1901,20160712040731,0.300208668397
6247,20160718041147,0.300209474875
872,20160718060341,0.300209618941
3772,20160716091020,0.300210569659
1668,20160716092024,0.300212210329
1443,20160629205806,0.30021224236
3844,20160629205806,0.300212258431
2263,20160709173112,0.300212330784
10744,20160717171226,0.30021300695
3463,20160717200506,0.300213190211
5958,20160717193050,0.300213300288
5945,20160717224828,0.300213351803
3167,20160708073344,0.300213611516
3953,20160627092916,0.300214394466
2231,20160704155822,0.300214472105
888,20160701151724,0.300214611139
2855,20160711204328,0.300215388037
18219,20160712213917,0.300215599401
20053,20160709213852,0.300215646563
10895,20160716032349,0.300215749349646
1448,20160716020808,0.300215906797
6093,20160718084232,0.300217032423
6318,20160717054749,0.30021707571
84906,20160709204306,0.300217769397
12776,20160717112822,0.30021791107
9147,20160718071335,0.300218017335
1832,20160704163201,0.300218409755
763,20160712213917,0.300218421482
14313,20160711092111,0.300218432374
2684,20160708034103,0.300218528377
59236,20160716212228,0.30021892329698296
6978,20160712040731,0.300219202264
15806,20160718162207,0.300219433232
12130,20160712093918,0.300219611627
8639,20160711223309,0.300219891233
3401,20160712235751,0.300220000707
10974,20160710181651,0.300220441926
34907,20160715121129,0.30022079711
1938,20160709133549,0.300222348096
24854,20160717045855,0.300222419005
10160,20160707070632,0.300223259952
2451,20160712213917,0.300223434453
4292,20160704163201,0.300223567815
6697,20160708234214,0.300223691339
2417,20160704163201,0.300224316077
157486,20160717104214,0.300224748867
5066,20160704191912,0.30022557831
1779,20160704163201,0.30022601299
1004,20160713160356,0.300226479127
14472,20160710092737,0.300226876556
1936,20160704163201,0.300227051076
3319,20160630041504,0.300227387954
1242,20160709010806,0.300228587821
1752,20160704191912,0.300228722674
1917,20160716023249,0.300228802579
14900,20160707232606,0.300229210637
46161,20160715191406,0.30023020314
3299,20160718120120,0.300230238259
3520,20160703142840,0.300230677311
2896,20160704163201,0.300230837767
3489,20160629205806,0.300230840941
10723,20160710181651,0.300230913347
5785,20160717234504,0.300230951328046
4561,20160705205637,0.300231015348
10931,20160712101242,0.300231456297
3169,20160718025447,0.300232016335
2119,20160712235751,0.300232112553
20441,20160716195857,0.300232162213
21422,20160715024652,0.300232594567
2871,20160712040731,0.300233323821
1924,20160718064111,0.300233662521
7668,20160717165050,0.300233783747
3287,20160711113437,0.300233915907
3973,20160704163201,0.3002340442
7631,20160716110432,0.30023412248141496
2257,20160718131429,0.300234132696
3092,20160718020912,0.300234975269
3669,20160711163412,0.30023521528
2836,20160629205806,0.300236260687
32631,20160717204822,0.300236584707
8318,20160712055935,0.300236618755
3227,20160712210932,0.30023698389
19290,20160704191912,0.30023726509
23428,20160718044304,0.300237356574
2503,20160714201753,0.300238110447
2260,20160704163201,0.300238447699
134800,20160718013712,0.300238627615
3422,20160711092111,0.300238843166
5198,20160717124759,0.300239181265
1107,20160704191912,0.300239190121
9674,20160712040731,0.300239521786
3799,20160716203821,0.300239713507
15688,20160718020242,0.300240110141
3094,20160709040328,0.300240353485
5628,20160704191912,0.300240425067
1844,20160712235751,0.30024046202
24064,20160708193309,0.300240563743
4375,20160715232020,0.300240829603
7948,20160709000435,0.300241723312
3625,20160717140619,0.300241820181
15603,20160718125210,0.300241918649
2637,20160703145128,0.300242881998
17579,20160718105341,0.300243054796237
3253,20160703064912,0.300243109805
3052,20160703173651,0.300243190124
4190,20160704191912,0.300243783943
16301,20160718024907,0.300245262030741
39411,20160712235751,0.300245507294
2631,20160704163201,0.300245635897
3016,20160712213917,0.300246261731
20841,20160715060943,0.300246384198
7195,20160709212522,0.300246418949
2686,20160718001448,0.300246626152
4556,20160713160356,0.300247360706
133345,20160718125612,0.300247457963
4273,20160704191912,0.300247515681
3079,20160718004742,0.300247615713
11875,20160716080213,0.300248005102
3514,20160630172230,0.300248187179
7902,20160718141328,0.300248245277
3349,20160629205806,0.300248405694
1158,20160718013551,0.30024924634
4361,20160702000915,0.300249494266
35502,20160715122103,0.300249524696
2789,20160711213208,0.300249546364
6146,20160713192642,0.300250333196
1443,20160712235751,0.300251042023
7534,20160712213917,0.300251239585
2894,20160704205132,0.30025330811
8095,20160709000214,0.300253440362
2436,20160708225813,0.300253462256
6154,20160709191403,0.300253960077
15895,20160713051015,0.300254340166
52370,20160712235904,0.300254486185
2015,20160704163201,0.300255112313
5431,20160712235751,0.300255412976
2169,20160713144733,0.300255699522
3355,20160707004856,0.300255971327
2934,20160703145128,0.300256006221
1721,20160714230639,0.300256047762
1378,20160629205806,0.300256170697
2856,20160701130235,0.300256466647
3014,20160701012819,0.300256864053
1020,20160717051939,0.300257077021
841,20160704191912,0.300257335721
6620,20160703064912,0.300257652085
1788,20160629231142,0.300258117065
1559,20160717010816,0.300258401442
73781,20160717071335,0.30025868644
71838,20160629160030,0.300258757707
3126,20160629205806,0.300259663469
2973,20160704191912,0.300259871922
1314,20160712235751,0.300260209881
8071,20160718123008,0.300260391365979
6885,20160717051214,0.30026073223004196
21612,20160716213421,0.300261023129
9916,20160717165407,0.300261478219425
2489,20160629205806,0.300261603883
5298,20160712213917,0.300262599772
26404,20160716124213,0.300263246800996
4683,20160714121644,0.300263426721
3767,20160716115355,0.30026361395
500,20160704191912,0.300263726992
1726,20160704191912,0.300264067807
3730,20160630040620,0.300264384133
2665,20160717215702,0.300265266843
6202,20160717221757,0.30026545656
69718,20160717123642,0.30026574862
1087,20160714214136,0.300266301555
4987,20160708234419,0.300266410755
148926,20160717124851,0.300266540888945
2338,20160704191912,0.300266628906
3142,20160716164728,0.300266637161
2345,20160718074514,0.300266798256
50193,20160714123551,0.300267482397
2693,20160717141551,0.300267695369
1517,20160704031738,0.300267820311
8802,20160717062124,0.300268372492
12700,20160711002752,0.300268497665
19115,20160717072955,0.30026883506228996
1372,20160709224038,0.300269269958
653,20160701164605,0.30026946743
3347,20160710181330,0.300269572737
13426,20160712235751,0.300269703464
4355,20160717075354,0.300269884702
7419,20160711140201,0.300270131865
2881,20160714201011,0.300270543605
1337,20160717114713,0.300270771635
1210,20160715215829,0.300270930586
3478,20160712094830,0.300271449772
1774,20160708075643,0.300271963873
4641,20160718140131,0.300271983047
8200,20160712235751,0.300272000074
6496,20160714073813,0.300273518194
1392,20160629205806,0.300273639474
2335,20160712174346,0.300273780179
23105,20160713160356,0.30027403005
3370,20160712213917,0.300274210345
4288,20160713160356,0.300274666759
2435,20160713160356,0.300274806231
3624,20160709024557,0.300274985808
44070,20160711092111,0.300275282372
9328,20160708223613,0.300275703323
2150,20160717130606,0.300275771933
3619,20160708222718,0.300276124281
21942,20160713020743,0.300276406005
565,20160704232103,0.300276429512
22018,20160716114127,0.300276769715
1845,20160716122725,0.300277909263
1531,20160711213208,0.300278063032
1742,20160704191912,0.300278894196
3527,20160717162226,0.300278953893
1864,20160717215729,0.300279736285
13581,20160712173706,0.300280062619
1856,20160717113648,0.300280242164
7388,20160711151706,0.300280562848
1574,20160708211352,0.300280669518
26282,20160716090811,0.30028075659673703
5966,20160704163201,0.300280788482
3259,20160705221752,0.300280811212
3680,20160701151739,0.300280911907
15621,20160717092056,0.300280990219
248345,20160718151706,0.300281076388
5431,20160708233925,0.300281339199
1623,20160712213917,0.300281506356
2258,20160630172230,0.300281899634
1643,20160716081059,0.300282013757
2839,20160718084350,0.300282532871
3508,20160717183209,0.300283235919
2189,20160712090905,0.300283509924
1703,20160718033318,0.300283969546
18479,20160708232343,0.300284023236
14259,20160708235117,0.300284314406
19713,20160718063418,0.300284603285
2127,20160629231142,0.300284765265
13507,20160716212658,0.30028510573333
24731,20160712040731,0.300285222934
10861,20160711015732,0.300285259413
1095,20160708223654,0.300286017909
4105,20160716012028,0.300286261335
4264,20160704194355,0.300286380639
10321,20160628173002,0.300287435926
22984,20160710061449,0.300287602989
5866,20160712213917,0.300288236942
4631,20160715231411,0.300288361949
2408,20160711090400,0.30028882766
29001,20160710171304,0.300289084546
1292,20160707124620,0.300289114841
16926,20160718062839,0.30028979102
2157,20160701124732,0.300289953505
1871,20160703064912,0.300290002088
6466,20160714140623,0.300290065431
1389,20160704191912,0.300290094171
30627,20160717103043,0.300290159692
5063,20160717043137,0.300290962355
2520,20160717063042,0.300291194359
1350,20160704163201,0.300291397461
18245,20160712213917,0.300292389894
1445,20160629205806,0.30029246898
2670,20160707034924,0.300292666304
12517,20160717194528,0.300293321062
1512,20160629205806,0.300294624802
13724,20160717211644,0.300294858718
2008,20160704163201,0.30029547155
4054,20160704163201,0.300295680992
1443,20160629231142,0.300296068161
2640,20160717072656,0.3002963770648
7879,20160717221756,0.300296638184
2609,20160628083910,0.300297056325
1926,20160712235751,0.300297234347
2073,20160715074432,0.300297311307
3657,20160701035010,0.300297690637
3829,20160716032714,0.300298479742
3298,20160712235751,0.300298743339
9267,20160717170213,0.300299541179
1346,20160704191912,0.300301097691
23600,20160710181651,0.300302209215
4400,20160703064912,0.300302454879
6385,20160717100308,0.300303018931582
10787,20160718011024,0.300303184982
22805,20160717092255,0.300303223683
7497,20160718112204,0.300303330262
10046,20160703064912,0.300303393259
6247,20160710001845,0.300303484885
8023,20160704194350,0.300303753928
895,20160701001953,0.300304096217
6082,20160629003426,0.30030458952
